# source,"PS5 capture of race session 49, in-game tyre-wear gauge read off the HUD"
# method,"red fill fraction of each of the four HUD bars; +-4% quantisation (bar is ~24 px tall at 720p, yuv420 halves it)"
# car,Lamborghini Huracan GT3 15
# circuit,"Watkins Glen International, Long Course"
# compound,RS
# tyre_wear_mult,2x
# stint1,laps 1-13 (stop during 13)
# stint2,laps 13-20
video_t_s,race_lap,wear_fl,wear_fr,wear_rl,wear_rr
0,0.0,0.0000,0.0000,0.0000,0.0000
2,0.018,0.0000,0.0000,0.0000,0.0000
4,0.0361,0.0000,0.0000,0.0000,0.0000
6,0.0541,0.0000,0.0000,0.0000,0.0000
8,0.0722,0.0000,0.0000,0.0000,0.0000
10,0.0902,0.0000,0.0000,0.0000,0.0000
12,0.1082,0.0000,0.0000,0.0000,0.0000
14,0.1263,0.0000,0.0000,0.0000,0.0000
16,0.1443,0.0000,0.0000,0.0000,0.0000
18,0.1624,0.0201,0.0201,0.0000,0.0000
20,0.1804,0.0000,0.0000,0.0000,0.0000
22,0.1984,0.0000,0.0000,0.0000,0.0000
24,0.2165,0.0000,0.0000,0.0000,0.0000
26,0.2345,0.0000,0.0000,0.0000,0.0000
28,0.2526,0.0000,0.0000,0.0000,0.0000
30,0.2706,0.0000,0.0000,0.0000,0.0000
32,0.2886,0.0000,0.0000,0.0000,0.0000
34,0.3067,0.0000,0.0000,0.0000,0.0000
36,0.3247,0.0000,0.0000,0.0000,0.0000
38,0.3428,0.0000,0.0000,0.0000,0.0000
40,0.3608,0.0000,0.0000,0.0000,0.0000
42,0.3788,0.0000,0.0000,0.0000,0.0000
44,0.3969,0.0000,0.0000,0.0000,0.0000
46,0.4149,0.0000,0.0000,0.0000,0.0000
48,0.433,0.0000,0.0000,0.0000,0.0000
50,0.451,0.0000,0.0000,0.0000,0.0000
52,0.4691,0.0000,0.0000,0.0000,0.0000
54,0.4871,0.0000,0.0000,0.0000,0.0000
56,0.5051,0.0000,0.0201,0.0544,0.0211
58,0.5232,0.0000,0.0000,0.0000,0.0000
60,0.5412,0.0000,0.0000,0.0000,0.0000
62,0.5593,0.0000,0.0000,0.0000,0.0000
64,0.5773,0.0000,0.0000,0.0000,0.0000
66,0.5953,0.0000,0.0000,0.0000,0.0000
68,0.6134,0.0000,0.0000,0.0000,0.0000
70,0.6314,0.0000,0.0000,0.0000,0.0000
72,0.6495,0.0000,0.0000,0.0000,0.0000
74,0.6675,0.0000,0.0000,0.0000,0.0000
76,0.6855,0.0000,0.0000,0.0000,0.0000
78,0.7036,0.0000,0.0000,0.0000,0.0000
80,0.7216,0.0000,0.0000,0.0000,0.0000
82,0.7397,0.0000,0.0000,0.0000,0.0000
84,0.7577,0.0000,0.0000,0.0000,0.0000
86,0.7757,0.0000,0.0000,0.0000,0.0000
88,0.7938,0.0000,0.0000,0.0000,0.0000
90,0.8118,0.0210,0.0210,0.1032,0.0000
92,0.8299,0.0000,0.0000,0.0000,0.0000
94,0.8479,0.0000,0.0000,0.0000,0.0000
96,0.8659,0.0000,0.0000,0.0000,0.0000
98,0.884,0.0210,0.0210,0.1074,0.0000
100,0.902,0.0000,0.0000,0.0000,0.0000
102,0.9201,0.0000,0.0000,0.0000,0.0000
104,0.9381,0.0000,0.0000,0.0000,0.0000
106,0.9561,0.0000,0.0000,0.0000,0.0000
108,0.9742,0.0000,0.0000,0.0000,0.0000
110,0.9922,0.0000,0.0000,0.0000,0.0000
112,1.0103,0.0000,0.0000,0.0000,0.0000
114,1.0108,0.0000,0.0000,0.0000,0.0000
116,1.0299,0.0000,0.0000,0.0000,0.0000
118,1.0489,0.0000,0.0000,0.0000,0.0000
120,1.0679,0.0000,0.0210,0.1090,0.1074
122,1.087,0.0000,0.0000,0.0000,0.0000
124,1.106,0.0000,0.0000,0.0000,0.0000
126,1.125,0.0000,0.0000,0.0432,0.0000
128,1.1441,0.0000,0.0000,0.0890,0.0000
130,1.1631,0.0822,0.0000,0.0000,0.0000
132,1.1822,0.0822,0.0000,0.0890,0.0000
134,1.2012,0.0822,0.0000,0.0890,0.0000
136,1.2202,0.0822,0.0000,0.0855,0.0000
138,1.2393,0.0429,0.0000,0.0890,0.0000
140,1.2583,0.0000,0.0000,0.0432,0.0000
142,1.2773,0.0774,0.0000,0.0000,0.0000
144,1.2964,0.0000,0.0000,0.0890,0.0000
146,1.3154,0.0000,0.0000,0.0890,0.0000
148,1.3344,0.0822,0.0000,0.0890,0.0000
150,1.3535,0.0000,0.0000,0.0890,0.0000
152,1.3725,0.0000,0.0000,0.0890,0.0000
154,1.3916,0.0822,0.0000,0.0890,0.0432
156,1.4106,0.0822,0.0000,0.0890,0.0000
158,1.4296,0.0822,0.0000,0.0890,0.0000
160,1.4487,0.0822,0.0968,0.0890,0.0890
162,1.4677,0.0822,0.1007,0.1477,0.1074
164,1.4867,0.0822,0.0000,0.0890,0.0000
166,1.5058,0.0822,0.0000,0.0000,0.0000
168,1.5248,0.0822,0.0000,0.0855,0.0000
170,1.5438,0.0429,0.0429,0.0929,0.0432
172,1.5629,0.0000,0.0000,0.0890,0.0000
174,1.5819,0.0822,0.0000,0.0890,0.0000
176,1.6009,0.0822,0.0822,0.0890,0.0432
178,1.62,0.0822,0.0000,0.0929,0.0000
180,1.639,0.0857,0.0822,0.0929,0.0414
182,1.6581,0.0857,0.0429,0.0929,0.0432
184,1.6771,0.0857,0.0429,0.0929,0.0890
186,1.6961,0.0822,0.0000,0.0890,0.0432
188,1.7152,0.0822,0.0822,0.0929,0.0000
190,1.7342,0.0822,0.1007,0.1301,0.1074
192,1.7532,0.0857,0.0822,0.0929,0.0890
194,1.7723,0.0857,0.0000,0.0929,0.0000
196,1.7913,0.0857,0.0822,0.1301,0.0890
198,1.8103,0.0822,0.0822,0.0929,0.0890
200,1.8294,0.0822,0.0822,0.0929,0.0890
202,1.8484,0.0822,0.0000,0.0929,0.0890
204,1.8675,0.0857,0.0822,0.0929,0.0890
206,1.8865,0.0857,0.0822,0.0929,0.0890
208,1.9055,0.0857,0.0429,0.0929,0.0432
210,1.9246,0.0857,0.0000,0.0929,0.0000
212,1.9436,0.0822,0.0429,0.0929,0.0451
214,1.9626,0.0857,0.0822,0.0929,0.0890
216,1.9817,0.0822,0.0822,0.0929,0.0890
218,2.0007,0.0857,0.0000,0.0929,0.0890
220,2.0199,0.0857,0.0822,0.0929,0.0890
222,2.0391,0.0822,0.0822,0.0929,0.0890
224,2.0583,0.0857,0.0429,0.0929,0.0890
226,2.0776,0.0857,0.0822,0.0929,0.0890
228,2.0968,0.1409,0.1355,0.1806,0.1419
230,2.116,0.0857,0.0822,0.0929,0.0890
232,2.1352,0.0857,0.0822,0.1645,0.0890
234,2.1544,0.0857,0.1355,0.1806,0.1074
236,2.1736,0.0857,0.0822,0.1645,0.0890
238,2.1928,0.0857,0.0822,0.1645,0.0890
240,2.212,0.0857,0.0822,0.1645,0.0890
242,2.2313,0.0857,0.0822,0.1712,0.0929
244,2.2505,0.0857,0.0822,0.1712,0.0929
246,2.2697,0.0857,0.0822,0.1712,0.0929
248,2.2889,0.1579,0.0429,0.1712,0.0890
250,2.3081,0.1519,0.0822,0.1645,0.0929
252,2.3273,0.1579,0.0822,0.1712,0.0929
254,2.3465,0.1579,0.0822,0.1712,0.0929
256,2.3657,0.1579,0.0822,0.1712,0.0929
258,2.385,0.1579,0.0822,0.1712,0.0929
260,2.4042,0.1644,0.0822,0.1712,0.0929
262,2.4234,0.1644,0.0822,0.1712,0.0929
264,2.4426,0.1644,0.0822,0.1712,0.0929
266,2.4618,0.1644,0.0857,0.1712,0.1477
268,2.481,0.1644,0.0857,0.1712,0.1301
270,2.5002,0.0896,0.0857,0.1712,0.0929
272,2.5194,0.1644,0.0857,0.1712,0.0929
274,2.5386,0.1644,0.0822,0.1712,0.0929
276,2.5579,0.1579,0.0857,0.1712,0.0929
278,2.5771,0.1579,0.0857,0.1712,0.0929
280,2.5963,0.1644,0.0857,0.1712,0.1645
282,2.6155,0.1644,0.0857,0.1712,0.1645
284,2.6347,0.1644,0.0822,0.1645,0.1645
286,2.6539,0.1644,0.0857,0.1712,0.1582
288,2.6731,0.1644,0.0857,0.1712,0.1645
290,2.6923,0.1644,0.0822,0.1357,0.0929
292,2.7116,0.1644,0.0857,0.1712,0.0929
294,2.7308,0.1579,0.0822,0.1712,0.0929
296,2.75,0.1644,0.0822,0.1712,0.0929
298,2.7692,0.1644,0.0822,0.1712,0.1645
300,2.7884,0.1644,0.1233,0.1712,0.1645
302,2.8076,0.1644,0.0857,0.1712,0.1645
304,2.8268,0.1644,0.0857,0.1712,0.1645
306,2.846,0.1644,0.0857,0.1712,0.1645
308,2.8653,0.1644,0.0857,0.1712,0.0929
310,2.8845,0.1644,0.1233,0.1712,0.1712
312,2.9037,0.1644,0.1233,0.1712,0.1712
314,2.9229,0.1644,0.0857,0.1712,0.1645
316,2.9421,0.1644,0.1233,0.1712,0.1712
318,2.9613,0.1644,0.1233,0.1712,0.1712
320,2.9805,0.1644,0.0857,0.1712,0.1712
322,2.9997,0.1644,0.0857,0.1712,0.1712
324,3.0189,0.1644,0.0857,0.1712,0.1712
326,3.0381,0.1644,0.0857,0.1712,0.1712
328,3.0572,0.1644,0.0857,0.1712,0.1712
330,3.0764,0.1644,0.0857,0.1712,0.1712
332,3.0956,0.1812,0.1409,0.2282,0.1879
334,3.1147,0.1644,0.1233,0.1712,0.1712
336,3.1339,0.1644,0.0857,0.1712,0.1712
338,3.153,0.1644,0.0857,0.1786,0.1712
340,3.1722,0.1644,0.1579,0.1712,0.1645
342,3.1914,0.1644,0.1579,0.1712,0.1712
344,3.2105,0.1644,0.1579,0.1786,0.1712
346,3.2297,0.1644,0.1579,0.1786,0.1712
348,3.2489,0.1644,0.1579,0.1786,0.1712
350,3.268,0.1644,0.1579,0.1786,0.1712
352,3.2872,0.1644,0.1579,0.1786,0.1712
354,3.3063,0.1644,0.1579,0.1786,0.1712
356,3.3255,0.1644,0.1579,0.1786,0.1712
358,3.3447,0.1644,0.0857,0.1786,0.1712
360,3.3638,0.1644,0.0857,0.1786,0.1712
362,3.383,0.1644,0.0857,0.1786,0.1712
364,3.4022,0.1644,0.1579,0.2434,0.1712
366,3.4213,0.1644,0.1579,0.1786,0.1712
368,3.4405,0.1644,0.1579,0.2434,0.1712
370,3.4597,0.2129,0.1644,0.2434,0.1712
372,3.4788,0.1714,0.1644,0.2434,0.1712
374,3.498,0.1644,0.1579,0.2434,0.1712
376,3.5171,0.1644,0.1579,0.1786,0.1712
378,3.5363,0.1644,0.1644,0.1786,0.1712
380,3.5555,0.1714,0.1644,0.2434,0.1712
382,3.5746,0.1714,0.1644,0.1786,0.1712
384,3.5938,0.1714,0.1579,0.2434,0.1712
386,3.613,0.1714,0.1644,0.2434,0.1712
388,3.6321,0.1714,0.1644,0.2434,0.1712
390,3.6513,0.1714,0.1644,0.2534,0.1712
392,3.6704,0.1714,0.1644,0.2534,0.1712
394,3.6896,0.1714,0.1644,0.2534,0.1712
396,3.7088,0.2055,0.1644,0.2534,0.1712
398,3.7279,0.2055,0.1644,0.2534,0.1712
400,3.7471,0.2055,0.1644,0.2534,0.1712
402,3.7663,0.1714,0.1644,0.2534,0.1712
404,3.7854,0.1714,0.1644,0.2534,0.1712
406,3.8046,0.2055,0.1579,0.2534,0.1712
408,3.8237,0.1714,0.1644,0.2534,0.1712
410,3.8429,0.1714,0.1644,0.2534,0.1712
412,3.8621,0.1714,0.1644,0.2534,0.1712
414,3.8812,0.2055,0.1644,0.2534,0.1712
416,3.9004,0.1714,0.1644,0.2534,0.1786
418,3.9196,0.2368,0.1644,0.2534,0.1712
420,3.9387,0.2368,0.1644,0.2534,0.1712
422,3.9579,0.2368,0.1644,0.2214,0.1712
424,3.9771,0.2368,0.1644,0.2534,0.1786
426,3.9962,0.2368,0.1644,0.2534,0.1786
428,4.0155,0.2368,0.1644,0.2534,0.1786
430,4.0348,0.2368,0.1644,0.2534,0.1786
432,4.0541,0.2368,0.1644,0.2534,0.1786
434,4.0734,0.2368,0.1644,0.2534,0.1712
436,4.0927,0.2368,0.1644,0.2534,0.1712
438,4.112,0.2368,0.1644,0.2214,0.1712
440,4.1313,0.2466,0.1644,0.2534,0.1712
442,4.1506,0.2466,0.1644,0.2534,0.1712
444,4.1699,0.2466,0.1644,0.2534,0.1786
446,4.1892,0.2466,0.1644,0.2534,0.1786
448,4.2085,0.2466,0.1644,0.2534,0.1786
450,4.2278,0.2466,0.1644,0.2534,0.1786
452,4.2472,0.2143,0.1644,0.2534,0.1786
454,4.2665,0.2143,0.1644,0.2534,0.1786
456,4.2858,0.2466,0.1644,0.2534,0.1786
458,4.3051,0.2466,0.1644,0.2534,0.1786
460,4.3244,0.2466,0.1644,0.2534,0.1786
462,4.3437,0.2466,0.1644,0.2534,0.1786
464,4.363,0.2466,0.1644,0.2534,0.1786
466,4.3823,0.2466,0.1644,0.2534,0.1786
468,4.4016,0.2466,0.1644,0.2643,0.1786
470,4.4209,0.2466,0.1644,0.2643,0.1786
472,4.4402,0.2466,0.1644,0.2643,0.1786
474,4.4595,0.2466,0.1644,0.2643,0.1786
476,4.4788,0.2466,0.1714,0.2643,0.1786
478,4.4981,0.2466,0.1644,0.2643,0.2434
480,4.5174,0.2466,0.1714,0.2643,0.2434
482,4.5367,0.2466,0.1644,0.2643,0.2434
484,4.556,0.2466,0.1644,0.2643,0.2434
486,4.5753,0.2466,0.1644,0.2643,0.1786
488,4.5946,0.2466,0.1644,0.2643,0.1786
490,4.6139,0.2466,0.1644,0.2945,0.2434
492,4.6332,0.2466,0.1644,0.2945,0.2434
494,4.6526,0.2466,0.1644,0.2945,0.2434
496,4.6719,0.2466,0.1644,0.2945,0.2434
498,4.6912,0.2466,0.1644,0.2643,0.2434
500,4.7105,0.2466,0.1644,0.2643,0.2434
502,4.7298,0.2466,0.1644,0.2945,0.2434
504,4.7491,0.2466,0.1644,0.2945,0.2434
506,4.7684,0.2466,0.1714,0.2643,0.2434
508,4.7877,0.2617,0.1888,0.2945,0.2434
510,4.807,0.2466,0.1714,0.2643,0.2214
512,4.8263,0.2466,0.1644,0.2643,0.2534
514,4.8456,0.2466,0.1644,0.2643,0.2534
516,4.8649,0.2466,0.1644,0.2945,0.2534
518,4.8842,0.2466,0.2055,0.2945,0.2534
520,4.9035,0.2466,0.2055,0.2643,0.2534
522,4.9228,0.2466,0.1714,0.3224,0.2534
524,4.9421,0.2571,0.2055,0.3224,0.2534
526,4.9614,0.2571,0.1714,0.3224,0.2534
528,4.9807,0.2571,0.1714,0.3224,0.2534
530,5.0,0.2466,0.1714,0.3224,0.2534
532,5.0192,0.2466,0.1714,0.3224,0.2534
534,5.0384,0.2571,0.2055,0.3224,0.2534
536,5.0576,0.2571,0.1714,0.3224,0.2534
538,5.0767,0.2877,0.1714,0.3224,0.2534
540,5.0959,0.2877,0.1714,0.3224,0.2534
542,5.1151,0.2571,0.1714,0.2643,0.2214
544,5.1342,0.2877,0.1714,0.3071,0.2214
546,5.1534,0.3290,0.2516,0.3822,0.2534
548,5.1726,0.2571,0.1714,0.3356,0.2534
550,5.1918,0.2877,0.1714,0.3356,0.2534
552,5.2109,0.2877,0.1714,0.3356,0.2534
554,5.2301,0.2571,0.1714,0.3356,0.2534
556,5.2493,0.2571,0.1714,0.3356,0.2534
558,5.2684,0.2571,0.1714,0.3356,0.2534
560,5.2876,0.2571,0.1714,0.3356,0.2534
562,5.3068,0.2571,0.2368,0.3356,0.2534
564,5.326,0.2571,0.2368,0.3356,0.2534
566,5.3451,0.3158,0.2368,0.3356,0.2534
568,5.3643,0.3158,0.2368,0.3356,0.2534
570,5.3835,0.3158,0.2368,0.3356,0.2534
572,5.4026,0.3288,0.2368,0.3356,0.2534
574,5.4218,0.3288,0.2368,0.3356,0.2534
576,5.441,0.3288,0.2368,0.3356,0.2534
578,5.4602,0.3288,0.2368,0.3490,0.2534
580,5.4793,0.3288,0.2055,0.3356,0.2534
582,5.4985,0.3288,0.2055,0.3356,0.2534
584,5.5177,0.3288,0.2368,0.3356,0.2434
586,5.5368,0.3288,0.2368,0.3356,0.2534
588,5.556,0.3288,0.2466,0.3356,0.2534
590,5.5752,0.3288,0.2466,0.3356,0.2534
592,5.5944,0.3288,0.2466,0.3356,0.2534
594,5.6135,0.3288,0.2466,0.3356,0.2534
596,5.6327,0.3288,0.2466,0.3356,0.2534
598,5.6519,0.3288,0.2466,0.3356,0.2434
600,5.671,0.3288,0.2466,0.3356,0.2534
602,5.6902,0.3288,0.2466,0.3356,0.2534
604,5.7094,0.3288,0.2466,0.3356,0.2534
606,5.7286,0.3288,0.2466,0.3356,0.2534
608,5.7477,0.3288,0.2368,0.3356,0.2534
610,5.7669,0.3288,0.2368,0.3356,0.2534
612,5.7861,0.3288,0.2466,0.3356,0.2797
614,5.8052,0.3288,0.2466,0.3356,0.2643
616,5.8244,0.3288,0.2466,0.3356,0.2643
618,5.8436,0.3288,0.2466,0.3356,0.2643
620,5.8628,0.3288,0.2466,0.3500,0.3087
622,5.8819,0.3288,0.2466,0.3356,0.2643
624,5.9011,0.3288,0.2466,0.3500,0.2643
626,5.9203,0.3288,0.2466,0.3356,0.2534
628,5.9394,0.3288,0.2466,0.3356,0.2643
630,5.9586,0.3288,0.2466,0.3500,0.2643
632,5.9778,0.3288,0.2466,0.3500,0.2643
634,5.997,0.3288,0.2466,0.3500,0.2643
636,6.016,0.3288,0.2466,0.3500,0.2945
638,6.0351,0.3288,0.2466,0.3356,0.2945
640,6.0542,0.3288,0.2466,0.3356,0.2945
642,6.0733,0.3288,0.2466,0.3356,0.2945
644,6.0923,0.3288,0.2466,0.3500,0.2945
646,6.1114,0.3288,0.2466,0.3500,0.2643
648,6.1305,0.3288,0.2466,0.3500,0.2643
650,6.1496,0.3423,0.2466,0.3767,0.2643
652,6.1686,0.3288,0.2466,0.3500,0.2643
654,6.1877,0.3288,0.2466,0.3500,0.2643
656,6.2068,0.3288,0.2466,0.3500,0.2643
658,6.2258,0.3288,0.2466,0.3500,0.2643
660,6.2449,0.3453,0.2466,0.3500,0.2534
662,6.264,0.3453,0.2466,0.3500,0.2643
664,6.2831,0.3453,0.2466,0.3500,0.2643
666,6.3021,0.3288,0.2466,0.4013,0.2643
668,6.3212,0.3288,0.2466,0.4013,0.3224
670,6.3403,0.3288,0.2466,0.4013,0.3224
672,6.3593,0.3288,0.2466,0.4013,0.3224
674,6.3784,0.3453,0.2466,0.4013,0.3224
676,6.3975,0.3453,0.2466,0.4013,0.3224
678,6.4166,0.3453,0.2466,0.4013,0.3224
680,6.4356,0.3453,0.2466,0.4013,0.3224
682,6.4547,0.3893,0.2466,0.4013,0.3224
684,6.4738,0.4013,0.2466,0.4178,0.3224
686,6.4928,0.3767,0.2466,0.4013,0.3224
688,6.5119,0.3453,0.2466,0.4178,0.3224
690,6.531,0.3767,0.2466,0.4178,0.3224
692,6.5501,0.3453,0.2466,0.4178,0.3224
694,6.5691,0.3453,0.2466,0.4013,0.3224
696,6.5882,0.4013,0.2466,0.4178,0.3224
698,6.6073,0.4013,0.2466,0.4178,0.3224
700,6.6264,0.4013,0.2466,0.4178,0.3224
702,6.6454,0.4013,0.2466,0.4178,0.3356
704,6.6645,0.4013,0.2466,0.4178,0.3356
706,6.6836,0.4013,0.2466,0.4178,0.3356
708,6.7026,0.4013,0.2466,0.4178,0.3356
710,6.7217,0.4013,0.2466,0.4013,0.3356
712,6.7408,0.4013,0.2466,0.4013,0.3356
714,6.7599,0.4013,0.2466,0.4178,0.3356
716,6.7789,0.4013,0.2571,0.4178,0.3356
718,6.798,0.4013,0.2466,0.4178,0.3071
720,6.8171,0.4013,0.2571,0.4178,0.3356
722,6.8361,0.4013,0.2571,0.4178,0.3224
724,6.8552,0.3453,0.2571,0.4178,0.3356
726,6.8743,0.4013,0.2466,0.4178,0.3356
728,6.8934,0.4013,0.2466,0.4178,0.3356
730,6.9124,0.4013,0.2466,0.4178,0.3356
732,6.9315,0.4013,0.2571,0.4178,0.3356
734,6.9506,0.4178,0.2571,0.3929,0.3356
736,6.9696,0.4178,0.2571,0.4178,0.3356
738,6.9887,0.4013,0.2571,0.4178,0.3356
740,7.0078,0.4178,0.2571,0.4178,0.3356
742,7.027,0.4178,0.2571,0.4178,0.3356
744,7.0461,0.4013,0.2571,0.4178,0.3356
746,7.0653,0.4295,0.2727,0.4178,0.3356
748,7.0844,0.4013,0.2466,0.4178,0.3356
750,7.1036,0.4178,0.2571,0.4178,0.3356
752,7.1227,0.4178,0.2877,0.4178,0.3356
754,7.1418,0.4178,0.2877,0.4178,0.3356
756,7.161,0.4178,0.3020,0.4178,0.3490
758,7.1801,0.4178,0.2571,0.4178,0.3356
760,7.1993,0.4178,0.2571,0.4178,0.3356
762,7.2184,0.4178,0.2571,0.4178,0.3356
764,7.2376,0.4178,0.2571,0.4178,0.3356
766,7.2567,0.4178,0.2877,0.4178,0.3224
768,7.2759,0.3885,0.2877,0.4178,0.3356
770,7.295,0.4178,0.2877,0.4357,0.3356
772,7.3142,0.4178,0.2877,0.4357,0.3356
774,7.3333,0.4178,0.2571,0.4178,0.3356
776,7.3525,0.4178,0.2877,0.4357,0.3356
778,7.3716,0.4178,0.2877,0.4357,0.3356
780,7.3908,0.4178,0.2877,0.4357,0.3356
782,7.4099,0.4178,0.2877,0.4178,0.3356
784,7.429,0.4178,0.2877,0.4178,0.3356
786,7.4482,0.4178,0.2877,0.4357,0.3356
788,7.4673,0.4178,0.3290,0.4903,0.3490
790,7.4865,0.4178,0.2877,0.4589,0.3356
792,7.5056,0.4178,0.3158,0.4357,0.3356
794,7.5248,0.4178,0.3158,0.4589,0.3224
796,7.5439,0.4178,0.3158,0.4589,0.3356
798,7.5631,0.4178,0.3158,0.4589,0.3356
800,7.5822,0.4357,0.3158,0.4589,0.3356
802,7.6014,0.4357,0.3158,0.4589,0.3618
804,7.6205,0.4357,0.3158,0.4357,0.3500
806,7.6397,0.4357,0.3158,0.4357,0.3500
808,7.6588,0.4357,0.3158,0.4357,0.3500
810,7.678,0.4357,0.3158,0.4589,0.3500
812,7.6971,0.4357,0.3158,0.4357,0.3356
814,7.7162,0.4357,0.3158,0.4589,0.3356
816,7.7354,0.4357,0.3158,0.4803,0.3356
818,7.7545,0.4357,0.3158,0.4803,0.3356
820,7.7737,0.4357,0.3158,0.4803,0.3356
822,7.7928,0.4178,0.3158,0.4803,0.3500
824,7.812,0.4178,0.3158,0.4803,0.3356
826,7.8311,0.4178,0.3288,0.4803,0.3356
828,7.8503,0.4178,0.3288,0.4803,0.3356
830,7.8694,0.4178,0.3288,0.4803,0.3500
832,7.8886,0.4357,0.3288,0.4803,0.3500
834,7.9077,0.4178,0.3158,0.4803,0.3767
836,7.9269,0.4357,0.3288,0.4803,0.3500
838,7.946,0.4589,0.3288,0.4803,0.3500
840,7.9652,0.4589,0.3288,0.4803,0.3500
842,7.9843,0.4357,0.3288,0.4803,0.3500
844,8.0034,0.4357,0.3288,0.4803,0.3500
846,8.0222,0.4357,0.3288,0.4803,0.3767
848,8.041,0.4589,0.3288,0.4803,0.3500
850,8.0598,0.4589,0.3288,0.4803,0.3500
852,8.0787,0.4589,0.3288,0.5000,0.3500
854,8.0975,0.4698,0.3423,0.5101,0.3636
856,8.1163,0.4357,0.3288,0.5000,0.3500
858,8.1351,0.4357,0.3288,0.5000,0.3500
860,8.154,0.4357,0.3288,0.5000,0.4129
862,8.1728,0.4803,0.3288,0.5000,0.3767
864,8.1916,0.4803,0.3288,0.5000,0.3767
866,8.2104,0.4803,0.3288,0.5000,0.3500
868,8.2292,0.4803,0.3288,0.5000,0.3500
870,8.2481,0.4803,0.3288,0.5000,0.3767
872,8.2669,0.4803,0.3288,0.5000,0.3767
874,8.2857,0.4803,0.3288,0.5000,0.3500
876,8.3045,0.4803,0.3288,0.5000,0.4013
878,8.3233,0.4803,0.3288,0.5000,0.4013
880,8.3422,0.4803,0.3288,0.5000,0.4013
882,8.361,0.4803,0.3288,0.5000,0.4013
884,8.3798,0.4803,0.3288,0.4803,0.4013
886,8.3986,0.5000,0.3288,0.5000,0.3500
888,8.4174,0.5000,0.3288,0.5000,0.3500
890,8.4363,0.5000,0.3288,0.5000,0.3500
892,8.4551,0.5000,0.3288,0.5000,0.4129
894,8.4739,0.5000,0.3288,0.5000,0.4013
896,8.4927,0.5000,0.3288,0.5000,0.4013
898,8.5115,0.4803,0.3288,0.5000,0.4013
900,8.5304,0.5000,0.3288,0.5000,0.3500
902,8.5492,0.5000,0.3288,0.5000,0.4178
904,8.568,0.4803,0.3288,0.5000,0.4013
906,8.5868,0.5000,0.3288,0.5000,0.4013
908,8.6056,0.5000,0.3288,0.5000,0.4178
910,8.6245,0.4803,0.3288,0.4803,0.4178
912,8.6433,0.5000,0.3288,0.5000,0.4178
914,8.6621,0.5000,0.3288,0.5000,0.4178
916,8.6809,0.5000,0.3288,0.5000,0.4013
918,8.6997,0.5000,0.3288,0.5000,0.4178
920,8.7186,0.5000,0.3288,0.5000,0.4178
922,8.7374,0.5000,0.3288,0.5000,0.4013
924,8.7562,0.5000,0.3288,0.5000,0.4178
926,8.775,0.5000,0.3553,0.5000,0.4295
928,8.7938,0.5000,0.3288,0.5000,0.4178
930,8.8127,0.5000,0.3288,0.5000,0.4178
932,8.8315,0.5000,0.3288,0.5000,0.4178
934,8.8503,0.5000,0.3288,0.5000,0.4178
936,8.8691,0.5000,0.3453,0.5000,0.4178
938,8.8879,0.5000,0.3453,0.5000,0.4178
940,8.9068,0.5000,0.3453,0.5000,0.4178
942,8.9256,0.5000,0.3288,0.5000,0.4178
944,8.9444,0.5000,0.3288,0.5000,0.4178
946,8.9632,0.5000,0.3288,0.5000,0.4178
948,8.982,0.5000,0.3288,0.5000,0.4178
950,9.0009,0.5000,0.3288,0.5000,0.4178
952,9.0198,0.5000,0.3453,0.5000,0.4178
954,9.0388,0.5000,0.3288,0.5000,0.4178
956,9.0577,0.5000,0.3453,0.5000,0.4178
958,9.0767,0.5101,0.3423,0.5350,0.4295
960,9.0956,0.5000,0.3893,0.5503,0.4295
962,9.1146,0.5000,0.3453,0.5214,0.4178
964,9.1335,0.5000,0.3288,0.5214,0.4178
966,9.1525,0.5290,0.3288,0.5315,0.4178
968,9.1714,0.5000,0.3288,0.5214,0.4178
970,9.1904,0.5000,0.3288,0.5214,0.4178
972,9.2093,0.5000,0.3288,0.5214,0.4178
974,9.2283,0.5000,0.3288,0.5214,0.4178
976,9.2472,0.5000,0.3288,0.5214,0.4178
978,9.2662,0.5000,0.3288,0.5214,0.4178
980,9.2851,0.5000,0.3288,0.5214,0.4178
982,9.3041,0.5000,0.3288,0.5592,0.4178
984,9.323,0.5000,0.3453,0.5592,0.4178
986,9.342,0.5000,0.3288,0.5592,0.4178
988,9.3609,0.5000,0.3453,0.5592,0.4178
990,9.3799,0.5000,0.3453,0.5214,0.4178
992,9.3988,0.5000,0.3893,0.5677,0.4295
994,9.4178,0.5000,0.3453,0.5411,0.4178
996,9.4367,0.5000,0.3453,0.5214,0.4178
998,9.4557,0.5000,0.3453,0.5214,0.4178
1000,9.4746,0.5000,0.3453,0.5214,0.4178
1002,9.4936,0.5000,0.3453,0.5592,0.4178
1004,9.5125,0.5000,0.3453,0.5592,0.4178
1006,9.5315,0.5214,0.3453,0.5380,0.4178
1008,9.5504,0.5214,0.3453,0.5822,0.4178
1010,9.5693,0.5214,0.3310,0.5592,0.4408
1012,9.5883,0.5214,0.3453,0.5822,0.4408
1014,9.6072,0.5214,0.3453,0.5822,0.4357
1016,9.6262,0.5214,0.3453,0.5822,0.4178
1018,9.6451,0.5214,0.3453,0.5822,0.4357
1020,9.6641,0.5214,0.3453,0.5822,0.4357
1022,9.683,0.5214,0.3453,0.5822,0.4357
1024,9.702,0.5214,0.3453,0.5592,0.4178
1026,9.7209,0.5214,0.3767,0.5822,0.4589
1028,9.7399,0.5214,0.3453,0.5822,0.4357
1030,9.7588,0.5214,0.3453,0.5822,0.4357
1032,9.7778,0.5214,0.3453,0.5822,0.4357
1034,9.7967,0.5214,0.4013,0.5822,0.4357
1036,9.8157,0.5214,0.4013,0.5822,0.4357
1038,9.8346,0.5214,0.4013,0.5822,0.4357
1040,9.8536,0.5214,0.4013,0.5822,0.4357
1042,9.8725,0.5214,0.3453,0.5822,0.4357
1044,9.8915,0.5214,0.4013,0.5822,0.4357
1046,9.9104,0.5411,0.4013,0.5822,0.4589
1048,9.9294,0.5592,0.4013,0.5822,0.4589
1050,9.9483,0.5592,0.4013,0.5822,0.4357
1052,9.9673,0.5592,0.4013,0.5822,0.4589
1054,9.9862,0.5592,0.4013,0.5822,0.4589
1056,10.0052,0.5592,0.4013,0.5822,0.4589
1058,10.0241,0.5592,0.4013,0.5822,0.4357
1060,10.0431,0.5592,0.4013,0.5822,0.4357
1062,10.062,0.5592,0.4013,0.5822,0.4589
1064,10.0809,0.5592,0.4013,0.5822,0.4357
1066,10.0999,0.5677,0.4129,0.5906,0.4903
1068,10.1188,0.5592,0.4013,0.5822,0.4357
1070,10.1378,0.5592,0.4013,0.5822,0.4357
1072,10.1567,0.5822,0.4178,0.5822,0.4357
1074,10.1756,0.5822,0.4178,0.5822,0.4803
1076,10.1946,0.5592,0.4178,0.5822,0.4803
1078,10.2135,0.5822,0.4178,0.5822,0.4803
1080,10.2325,0.5822,0.4178,0.5822,0.4803
1082,10.2514,0.5822,0.4178,0.5822,0.4803
1084,10.2703,0.5822,0.4178,0.5822,0.4803
1086,10.2893,0.5822,0.4178,0.5822,0.4803
1088,10.3082,0.5822,0.4178,0.6115,0.4803
1090,10.3272,0.5822,0.4178,0.5822,0.4803
1092,10.3461,0.5822,0.4178,0.6115,0.4803
1094,10.3651,0.5822,0.4178,0.5822,0.4803
1096,10.384,0.5822,0.4013,0.6115,0.4803
1098,10.4029,0.5822,0.4013,0.6115,0.4803
1100,10.4219,0.5822,0.4013,0.6115,0.4803
1102,10.4408,0.5822,0.4013,0.5822,0.4803
1104,10.4598,0.5822,0.4178,0.5822,0.5000
1106,10.4787,0.5822,0.4178,0.6115,0.5000
1108,10.4976,0.5822,0.4178,0.6115,0.5000
1110,10.5166,0.5822,0.4178,0.5862,0.5000
1112,10.5355,0.5822,0.4178,0.6115,0.5000
1114,10.5545,0.5822,0.4178,0.6115,0.5000
1116,10.5734,0.5822,0.4178,0.6115,0.5000
1118,10.5923,0.5822,0.4178,0.6301,0.5000
1120,10.6113,0.5822,0.4178,0.6115,0.5000
1122,10.6302,0.5822,0.4178,0.6115,0.5000
1124,10.6492,0.5822,0.4178,0.6301,0.5000
1126,10.6681,0.5822,0.4178,0.6115,0.5000
1128,10.687,0.5822,0.4178,0.6301,0.5000
1130,10.706,0.5822,0.4178,0.6447,0.5000
1132,10.7249,0.5822,0.4178,0.6447,0.5000
1134,10.7439,0.5822,0.4178,0.6447,0.5000
1136,10.7628,0.5822,0.4178,0.6447,0.5000
1138,10.7817,0.5822,0.4178,0.6447,0.5000
1140,10.8007,0.5822,0.4178,0.6447,0.4803
1142,10.8196,0.5822,0.4178,0.6447,0.5000
1144,10.8386,0.5822,0.4178,0.6447,0.5000
1146,10.8575,0.5906,0.4295,0.6516,0.5000
1148,10.8765,0.5822,0.4178,0.6447,0.5000
1150,10.8954,0.5822,0.4013,0.6447,0.5000
1152,10.9143,0.5822,0.4178,0.6447,0.5000
1154,10.9333,0.5822,0.4178,0.6447,0.5000
1156,10.9522,0.5822,0.4178,0.6447,0.5000
1158,10.9712,0.5822,0.4178,0.6447,0.5000
1160,10.9901,0.5822,0.4178,0.6447,0.5000
1162,11.0091,0.5822,0.4178,0.6447,0.5000
1164,11.0281,0.5822,0.4178,0.6447,0.5000
1166,11.0471,0.5822,0.4178,0.6447,0.5000
1168,11.0661,0.6233,0.4178,0.6779,0.5000
1170,11.0852,0.5906,0.4295,0.6779,0.5101
1172,11.1042,0.6071,0.4178,0.6712,0.5000
1174,11.1232,0.6071,0.4178,0.6712,0.5000
1176,11.1422,0.6071,0.4178,0.6712,0.5000
1178,11.1613,0.6071,0.4178,0.6712,0.5000
1180,11.1803,0.5822,0.4178,0.6712,0.5000
1182,11.1993,0.5822,0.4178,0.6712,0.5000
1184,11.2183,0.6071,0.4357,0.6712,0.5000
1186,11.2373,0.6071,0.4357,0.6712,0.5000
1188,11.2564,0.6071,0.4357,0.6712,0.5000
1190,11.2754,0.6071,0.4357,0.6712,0.5000
1192,11.2944,0.5822,0.4178,0.6712,0.5000
1194,11.3134,0.6071,0.4357,0.6712,0.5000
1196,11.3324,0.6233,0.4178,0.6712,0.5000
1198,11.3515,0.6071,0.4178,0.6712,0.5000
1200,11.3705,0.6233,0.4357,0.6712,0.5000
1202,11.3895,0.6233,0.4357,0.6712,0.5000
1204,11.4085,0.6233,0.4357,0.6712,0.5000
1206,11.4276,0.6233,0.4178,0.6712,0.5000
1208,11.4466,0.6233,0.4357,0.6712,0.5000
1210,11.4656,0.6382,0.4357,0.6712,0.5000
1212,11.4846,0.6382,0.4357,0.6712,0.5000
1214,11.5036,0.6382,0.4589,0.6712,0.5214
1216,11.5227,0.6382,0.4357,0.6712,0.4803
1218,11.5417,0.6382,0.4357,0.6712,0.5214
1220,11.5607,0.6382,0.4357,0.6712,0.5000
1222,11.5797,0.6382,0.4357,0.6712,0.5000
1224,11.5988,0.6382,0.4357,0.6712,0.5214
1226,11.6178,0.6382,0.4589,0.7000,0.5214
1228,11.6368,0.6382,0.4589,0.7000,0.5214
1230,11.6558,0.6382,0.4589,0.7000,0.5214
1232,11.6748,0.6382,0.4589,0.7000,0.5411
1234,11.6939,0.6382,0.4357,0.6712,0.5214
1236,11.7129,0.6382,0.4589,0.6712,0.5214
1238,11.7319,0.6382,0.4589,0.6712,0.5214
1240,11.7509,0.6382,0.4357,0.6712,0.5214
1242,11.77,0.6382,0.4357,0.6712,0.5214
1244,11.789,0.6382,0.4357,0.6712,0.5214
1246,11.808,0.6382,0.4357,0.6712,0.5214
1248,11.827,0.6644,0.4357,0.6712,0.5214
1250,11.846,0.6644,0.4357,0.6712,0.5214
1252,11.8651,0.6644,0.4803,0.7000,0.5214
1254,11.8841,0.6644,0.4803,0.7000,0.5214
1256,11.9031,0.6382,0.4803,0.6712,0.5214
1258,11.9221,0.6382,0.4357,0.6712,0.5214
1260,11.9412,0.6644,0.4803,0.7000,0.5214
1262,11.9602,0.6644,0.4803,0.7000,0.5214
1264,11.9792,0.6382,0.4357,0.6962,0.5822
1266,11.9982,0.6644,0.4178,0.7000,0.5000
1268,12.0116,0.6644,0.4589,0.7000,0.5214
1270,12.0245,0.6644,0.4357,0.7000,0.5448
1272,12.0373,0.4013,0.2466,0.4803,0.3224
1274,12.0502,0.0000,0.0000,0.0000,0.0000
1276,12.063,0.0000,0.0000,0.0000,0.0000
1278,12.0759,0.0000,0.0000,0.0000,0.0000
1280,12.0887,0.0000,0.0000,0.0000,0.0000
1282,12.1016,0.0000,0.0000,0.0000,0.0000
1284,12.1144,0.0000,0.0000,0.0000,0.0000
1286,12.1272,0.0000,0.0000,0.0000,0.0000
1288,12.1401,0.0000,0.0000,0.0000,0.0000
1290,12.1529,0.0000,0.0000,0.0000,0.0000
1292,12.1658,0.0395,0.0000,0.0000,0.0000
1294,12.1786,0.0000,0.0000,0.0000,0.0000
1296,12.1915,0.0000,0.0000,0.0000,0.0000
1298,12.2043,0.0000,0.0000,0.0000,0.0000
1300,12.2172,0.0000,0.0000,0.0000,0.0000
1302,12.23,0.0000,0.0000,0.0000,0.0000
1304,12.2428,0.0000,0.0000,0.0000,0.0000
1306,12.2557,0.0000,0.0000,0.0000,0.0000
1308,12.2685,0.0000,0.0000,0.0000,0.0000
1310,12.2814,0.0000,0.0000,0.0000,0.0000
1312,12.2942,0.0000,0.0000,0.0000,0.0000
1314,12.3071,0.0000,0.0000,0.0000,0.0000
1316,12.3199,0.0000,0.0000,0.0000,0.0000
1318,12.3327,0.0000,0.0000,0.0000,0.0000
1320,12.3456,0.0000,0.0000,0.0000,0.0000
1322,12.3584,0.0000,0.0000,0.0000,0.0000
1324,12.3713,0.0000,0.0000,0.0000,0.0000
1326,12.3841,0.0000,0.0000,0.0000,0.0000
1328,12.397,0.0000,0.0000,0.0000,0.0000
1330,12.4098,0.0000,0.0000,0.0000,0.0000
1332,12.4227,0.0000,0.0000,0.0000,0.0000
1334,12.4355,0.0201,0.0000,0.0000,0.0000
1336,12.4483,0.0000,0.0000,0.0000,0.0000
1338,12.4612,0.0000,0.0000,0.0000,0.0000
1340,12.474,0.0000,0.0000,0.0000,0.0000
1342,12.4869,0.0000,0.0000,0.0000,0.0000
1344,12.4997,0.0000,0.0000,0.0000,0.0000
1346,12.5126,0.0000,0.0000,0.0000,0.0000
1348,12.5254,0.0000,0.0000,0.0000,0.0000
1350,12.5383,0.0000,0.0000,0.0000,0.0000
1352,12.5511,0.0000,0.0000,0.0000,0.0000
1354,12.5639,0.0000,0.0000,0.0000,0.0000
1356,12.5768,0.0000,0.0000,0.0000,0.0000
1358,12.5896,0.0000,0.0000,0.0000,0.0000
1360,12.6025,0.0000,0.0000,0.0000,0.0000
1362,12.6153,0.0000,0.0000,0.0000,0.0000
1364,12.6282,0.0000,0.0000,0.0000,0.0000
1366,12.641,0.0000,0.0201,0.0000,0.0211
1368,12.6539,0.0000,0.0000,0.0000,0.0000
1370,12.6667,0.0000,0.0000,0.0000,0.0000
1372,12.6795,0.0000,0.0000,0.0000,0.0000
1374,12.6924,0.0000,0.0000,0.0000,0.0000
1376,12.7052,0.0000,0.0000,0.0000,0.0000
1378,12.7181,0.0000,0.0000,0.0000,0.0000
1380,12.7309,0.0000,0.0000,0.0000,0.0000
1382,12.7438,0.0000,0.0000,0.0000,0.0000
1384,12.7566,0.0000,0.0000,0.0000,0.0000
1386,12.7695,0.0000,0.0000,0.0000,0.0000
1388,12.7823,0.0000,0.0000,0.0000,0.0000
1390,12.7951,0.0000,0.0000,0.0000,0.0000
1392,12.808,0.0000,0.0000,0.0000,0.0000
1394,12.8208,0.0000,0.0000,0.0000,0.0000
1396,12.8337,0.0000,0.0000,0.0000,0.0000
1398,12.8465,0.0210,0.0000,0.0000,0.0000
1400,12.8594,0.0000,0.0000,0.0000,0.0000
1402,12.8722,0.0000,0.0000,0.0000,0.0000
1404,12.8851,0.0000,0.0000,0.0000,0.0000
1406,12.8979,0.0000,0.0000,0.0000,0.0000
1408,12.9107,0.0000,0.0000,0.0000,0.0000
1410,12.9236,0.0000,0.0000,0.0000,0.0000
1412,12.9364,0.0000,0.0000,0.0000,0.0000
1414,12.9493,0.0000,0.0000,0.0000,0.0000
1416,12.9621,0.0000,0.0000,0.0000,0.0000
1418,12.975,0.0000,0.0000,0.0000,0.0000
1420,12.9878,0.0000,0.0000,0.0432,0.0000
1422,13.001,0.0000,0.0000,0.0000,0.0000
1424,13.0201,0.0000,0.0000,0.0000,0.0000
1426,13.0393,0.0000,0.0000,0.0000,0.0000
1428,13.0585,0.0000,0.0000,0.0000,0.0000
1430,13.0776,0.0822,0.0000,0.0000,0.0000
1432,13.0968,0.1007,0.0210,0.1074,0.0211
1434,13.116,0.0000,0.0000,0.0000,0.0000
1436,13.1351,0.0000,0.0000,0.0432,0.0000
1438,13.1543,0.0000,0.0000,0.0432,0.0000
1440,13.1735,0.0000,0.0000,0.0000,0.0000
1442,13.1926,0.0000,0.0000,0.0890,0.0855
1444,13.2118,0.0000,0.0000,0.0432,0.0855
1446,13.231,0.0429,0.0000,0.0890,0.0414
1448,13.2501,0.0429,0.0000,0.0890,0.0890
1450,13.2693,0.0000,0.0000,0.0432,0.0890
1452,13.2885,0.0000,0.0000,0.0000,0.0000
1454,13.3076,0.0429,0.0000,0.0890,0.0000
1456,13.3268,0.0000,0.0000,0.0890,0.0000
1458,13.346,0.0000,0.0000,0.0890,0.0000
1460,13.3651,0.0429,0.0000,0.0432,0.0000
1462,13.3843,0.0000,0.0000,0.0000,0.0000
1464,13.4035,0.0822,0.0000,0.0890,0.0000
1466,13.4226,0.0822,0.0000,0.0890,0.0000
1468,13.4418,0.0822,0.0000,0.0890,0.0000
1470,13.461,0.0429,0.0000,0.0432,0.0432
1472,13.4801,0.0000,0.0000,0.0432,0.0432
1474,13.4993,0.0000,0.0000,0.0000,0.0890
1476,13.5185,0.0822,0.0000,0.0890,0.0890
1478,13.5376,0.0429,0.0000,0.0890,0.0000
1480,13.5568,0.0822,0.0000,0.0929,0.0432
1482,13.576,0.0000,0.0000,0.0890,0.0000
1484,13.5951,0.0822,0.0000,0.0890,0.0000
1486,13.6143,0.0822,0.0000,0.0890,0.0890
1488,13.6335,0.0822,0.0000,0.0929,0.0890
1490,13.6526,0.0822,0.0000,0.0929,0.0890
1492,13.6718,0.0822,0.0000,0.0929,0.0432
1494,13.691,0.0000,0.0000,0.0929,0.0000
1496,13.7101,0.0857,0.0000,0.0929,0.0000
1498,13.7293,0.1049,0.0822,0.1119,0.0000
1500,13.7485,0.0857,0.0000,0.0929,0.0000
1502,13.7676,0.0857,0.0000,0.0929,0.0000
1504,13.7868,0.0429,0.0429,0.0890,0.0432
1506,13.806,0.0857,0.0000,0.0929,0.0000
1508,13.8251,0.0857,0.0000,0.0929,0.0890
1510,13.8443,0.0857,0.0000,0.0929,0.0890
1512,13.8635,0.0857,0.0000,0.0929,0.0000
1514,13.8826,0.0822,0.0822,0.0890,0.0890
1516,13.9018,0.0857,0.0429,0.0929,0.0414
1518,13.921,0.0857,0.0000,0.0000,0.0000
1520,13.9401,0.0857,0.0429,0.0929,0.0432
1522,13.9593,0.0857,0.0429,0.0929,0.0890
1524,13.9785,0.0857,0.0429,0.0929,0.0890
1526,13.9976,0.0857,0.0000,0.0929,0.0890
1528,14.0166,0.0857,0.0822,0.0929,0.0890
1530,14.0356,0.0857,0.0000,0.0929,0.0890
1532,14.0546,0.0857,0.0000,0.0929,0.0890
1534,14.0736,0.1049,0.1007,0.1477,0.1074
1536,14.0925,0.1409,0.1007,0.1477,0.1074
1538,14.1115,0.0857,0.0429,0.0929,0.0890
1540,14.1305,0.0857,0.0429,0.0929,0.0890
1542,14.1495,0.1233,0.1184,0.2209,0.1529
1544,14.1685,0.0857,0.0822,0.0929,0.0929
1546,14.1874,0.0857,0.0822,0.0929,0.0890
1548,14.2064,0.0857,0.0429,0.1645,0.0890
1550,14.2254,0.0857,0.0429,0.1645,0.0855
1552,14.2444,0.0857,0.0822,0.1645,0.0929
1554,14.2633,0.0857,0.0822,0.0890,0.0929
1556,14.2823,0.0857,0.0822,0.0000,0.0432
1558,14.3013,0.0857,0.0822,0.1645,0.0451
1560,14.3203,0.0857,0.0822,0.1645,0.0890
1562,14.3393,0.1579,0.0822,0.1645,0.0890
1564,14.3582,0.1579,0.0822,0.1645,0.0929
1566,14.3772,0.1579,0.0000,0.1645,0.0000
1568,14.3962,0.1579,0.0822,0.1712,0.1074
1570,14.4152,0.1579,0.0822,0.1712,0.0929
1572,14.4341,0.1579,0.0000,0.1645,0.0890
1574,14.4531,0.0857,0.0822,0.1712,0.0929
1576,14.4721,0.0448,0.0822,0.0000,0.0929
1578,14.4911,0.1579,0.0822,0.1357,0.0929
1580,14.5101,0.1579,0.0857,0.1712,0.0929
1582,14.529,0.1579,0.0822,0.1712,0.0929
1584,14.548,0.1644,0.0857,0.1712,0.0929
1586,14.567,0.1579,0.0857,0.1712,0.0929
1588,14.586,0.1644,0.0857,0.1712,0.0929
1590,14.6049,0.1644,0.0822,0.1712,0.0929
1592,14.6239,0.1644,0.0822,0.1712,0.0929
1594,14.6429,0.1644,0.0857,0.1712,0.0929
1596,14.6619,0.1644,0.0857,0.1712,0.0929
1598,14.6809,0.1644,0.0822,0.1712,0.0929
1600,14.6998,0.1644,0.0822,0.1712,0.0929
1602,14.7188,0.1579,0.0857,0.1712,0.0929
1604,14.7378,0.1644,0.0857,0.1712,0.0929
1606,14.7568,0.1644,0.0857,0.1712,0.0929
1608,14.7757,0.1644,0.1409,0.1879,0.1119
1610,14.7947,0.1644,0.0857,0.1712,0.0929
1612,14.8137,0.1644,0.0857,0.1712,0.0929
1614,14.8327,0.1644,0.0857,0.1712,0.0929
1616,14.8517,0.1644,0.0857,0.1712,0.1645
1618,14.8706,0.1644,0.0857,0.1712,0.1645
1620,14.8896,0.1644,0.1233,0.1712,0.1645
1622,14.9086,0.1579,0.1233,0.1712,0.1645
1624,14.9276,0.1644,0.0857,0.1712,0.1645
1626,14.9465,0.1644,0.0857,0.1712,0.1645
1628,14.9655,0.1644,0.0857,0.1712,0.0929
1630,14.9845,0.1644,0.0857,0.1712,0.1301
1632,15.0035,0.1644,0.1233,0.1712,0.1645
1634,15.0226,0.1644,0.1233,0.1712,0.1645
1636,15.0418,0.1644,0.0857,0.1712,0.1645
1638,15.0609,0.1644,0.0857,0.1712,0.1645
1640,15.08,0.1644,0.0857,0.1712,0.1806
1642,15.0992,0.1644,0.1233,0.1879,0.1806
1644,15.1183,0.1644,0.1233,0.1712,0.1645
1646,15.1374,0.1644,0.0857,0.1712,0.0929
1648,15.1566,0.1644,0.0857,0.1712,0.1645
1650,15.1757,0.1644,0.0857,0.1712,0.1712
1652,15.1948,0.1644,0.0857,0.1712,0.1712
1654,15.214,0.1644,0.0857,0.1712,0.1712
1656,15.2331,0.1644,0.1233,0.1786,0.1645
1658,15.2522,0.1644,0.0857,0.1712,0.1712
1660,15.2714,0.1644,0.0857,0.1712,0.1357
1662,15.2905,0.1644,0.0857,0.1712,0.1712
1664,15.3096,0.1644,0.0857,0.1712,0.1712
1666,15.3288,0.1644,0.1579,0.1786,0.1712
1668,15.3479,0.1644,0.1579,0.1786,0.1712
1670,15.367,0.1644,0.1579,0.1786,0.1712
1672,15.3862,0.1644,0.1579,0.1786,0.1712
1674,15.4053,0.1644,0.1579,0.1786,0.1712
1676,15.4244,0.1644,0.1579,0.1786,0.1712
1678,15.4436,0.1644,0.1579,0.1786,0.1712
1680,15.4627,0.1714,0.0857,0.1786,0.1712
1682,15.4818,0.1714,0.1579,0.1786,0.1712
1684,15.501,0.1644,0.1579,0.1786,0.1712
1686,15.5201,0.1714,0.1579,0.1786,0.1712
1688,15.5392,0.1714,0.1579,0.1786,0.1712
1690,15.5584,0.1714,0.1579,0.1786,0.1712
1692,15.5775,0.1644,0.1579,0.1786,0.1712
1694,15.5966,0.1714,0.1579,0.2434,0.1712
1696,15.6158,0.1714,0.1579,0.2434,0.1712
1698,15.6349,0.1714,0.1579,0.2434,0.1712
1700,15.654,0.2055,0.1579,0.2434,0.1712
1702,15.6732,0.1714,0.1579,0.2434,0.1712
1704,15.6923,0.2055,0.0857,0.2434,0.1712
1706,15.7114,0.1714,0.0857,0.2434,0.1712
1708,15.7306,0.1714,0.1579,0.2434,0.1712
1710,15.7497,0.1714,0.1579,0.2434,0.1712
1712,15.7688,0.1714,0.0857,0.2434,0.1712
1714,15.788,0.1714,0.1644,0.2434,0.1712
1716,15.8071,0.1714,0.1644,0.2434,0.1712
1718,15.8262,0.1714,0.1644,0.2434,0.1712
1720,15.8454,0.1714,0.1644,0.2434,0.1712
1722,15.8645,0.1714,0.1644,0.2434,0.1712
1724,15.8836,0.1714,0.1579,0.2434,0.1712
1726,15.9028,0.1714,0.1644,0.2434,0.1712
1728,15.9219,0.1714,0.1579,0.2534,0.1712
1730,15.941,0.2368,0.1644,0.2534,0.1712
1732,15.9602,0.2368,0.1644,0.2123,0.1712
1734,15.9793,0.2368,0.1644,0.2534,0.1712
1736,15.9985,0.2368,0.1644,0.2534,0.1712
1738,16.0177,0.2368,0.1644,0.2534,0.1712
1740,16.037,0.2368,0.1644,0.2534,0.1712
1742,16.0562,0.2368,0.1644,0.2534,0.1712
1744,16.0755,0.2368,0.1644,0.2534,0.1712
1746,16.0948,0.2368,0.1579,0.2534,0.1712
1748,16.114,0.2368,0.1233,0.2214,0.1712
1750,16.1333,0.2368,0.1644,0.2534,0.1712
1752,16.1525,0.2368,0.1644,0.2534,0.1958
1754,16.1718,0.2368,0.1644,0.2534,0.1712
1756,16.1911,0.2368,0.1644,0.2534,0.1712
1758,16.2103,0.2466,0.1644,0.2534,0.1712
1760,16.2296,0.2466,0.1644,0.2534,0.1712
1762,16.2489,0.2466,0.1644,0.2534,0.1712
1764,16.2681,0.2466,0.1644,0.2534,0.1712
1766,16.2874,0.2466,0.1644,0.2214,0.1712
1768,16.3067,0.2466,0.1644,0.2534,0.1712
1770,16.3259,0.2466,0.1644,0.2534,0.1786
1772,16.3452,0.2466,0.1644,0.2534,0.1712
1774,16.3644,0.2466,0.1644,0.2534,0.1712
1776,16.3837,0.2466,0.1644,0.2534,0.1712
1778,16.403,0.2466,0.1644,0.2534,0.1786
1780,16.4222,0.2466,0.1644,0.2534,0.1786
1782,16.4415,0.2466,0.1644,0.2534,0.1786
1784,16.4608,0.2466,0.1812,0.2534,0.1786
1786,16.48,0.2466,0.1644,0.2534,0.1786
1788,16.4993,0.2466,0.1644,0.2534,0.1786
1790,16.5185,0.2466,0.1644,0.2534,0.1786
1792,16.5378,0.2466,0.1644,0.2534,0.1786
1794,16.5571,0.2466,0.1644,0.2643,0.1786
1796,16.5763,0.2466,0.1644,0.2643,0.1786
1798,16.5956,0.2466,0.1644,0.2643,0.1786
1800,16.6149,0.2466,0.1644,0.2643,0.1786
1802,16.6341,0.2466,0.1644,0.2643,0.2123
1804,16.6534,0.2466,0.1644,0.2643,0.2123
1806,16.6727,0.2466,0.1644,0.2643,0.1786
1808,16.6919,0.2466,0.1644,0.2643,0.1786
1810,16.7112,0.2466,0.1644,0.2643,0.1786
1812,16.7304,0.2763,0.2129,0.3439,0.1958
1814,16.7497,0.2466,0.1644,0.2643,0.1786
1816,16.769,0.2466,0.1644,0.2643,0.1786
1818,16.7882,0.2466,0.1812,0.2945,0.2434
1820,16.8075,0.2466,0.1644,0.2643,0.2434
1822,16.8268,0.2466,0.1644,0.2643,0.1786
1824,16.846,0.2466,0.1644,0.2643,0.1786
1826,16.8653,0.2466,0.1714,0.2945,0.1786
1828,16.8845,0.2466,0.1644,0.2643,0.1786
1830,16.9038,0.2466,0.1644,0.2643,0.1786
1832,16.9231,0.2466,0.1644,0.2643,0.1786
1834,16.9423,0.2466,0.1644,0.2643,0.2434
1836,16.9616,0.2466,0.1644,0.2643,0.1786
1838,16.9809,0.2466,0.1644,0.2643,0.1786
1840,17.0001,0.2466,0.1714,0.2643,0.2434
1842,17.0193,0.2466,0.1644,0.2643,0.2434
1844,17.0386,0.2466,0.1644,0.2945,0.1786
1846,17.0578,0.2571,0.1644,0.2643,0.1786
1848,17.077,0.2466,0.1644,0.3224,0.2534
1850,17.0962,0.3020,0.2215,0.3355,0.2685
1852,17.1155,0.2466,0.1644,0.3224,0.2534
1854,17.1347,0.2466,0.1644,0.3224,0.2534
1856,17.1539,0.3020,0.1644,0.3355,0.2534
1858,17.1731,0.2571,0.1644,0.2643,0.1786
1860,17.1923,0.2877,0.1644,0.3224,0.2534
1862,17.2116,0.2877,0.1644,0.3224,0.2534
1864,17.2308,0.2571,0.1644,0.3224,0.2534
1866,17.25,0.2571,0.1644,0.3224,0.2123
1868,17.2692,0.2571,0.1714,0.3224,0.1786
1870,17.2884,0.2571,0.1644,0.3224,0.1805
1872,17.3077,0.2877,0.1644,0.3224,0.2534
1874,17.3269,0.2877,0.1714,0.2945,0.2534
1876,17.3461,0.2877,0.2055,0.2945,0.2534
1878,17.3653,0.2877,0.1714,0.3356,0.2534
1880,17.3845,0.2877,0.1714,0.3101,0.2534
1882,17.4038,0.3158,0.1714,0.3356,0.2534
1884,17.423,0.3158,0.2055,0.3356,0.2534
1886,17.4422,0.2877,0.1714,0.3224,0.2534
1888,17.4614,0.3158,0.1714,0.3356,0.2534
1890,17.4806,0.3158,0.1714,0.3356,0.2214
1892,17.4999,0.3158,0.1714,0.2707,0.1417
1894,17.5191,0.3097,0.1714,0.3356,0.2214
1896,17.5383,0.3158,0.1714,0.3071,0.2534
1898,17.5575,0.3158,0.1714,0.3356,0.2534
1900,17.5768,0.3158,0.1714,0.3356,0.2534
1902,17.596,0.3158,0.1714,0.3356,0.2534
1904,17.6152,0.3158,0.1714,0.3356,0.2534
1906,17.6344,0.3158,0.1714,0.3356,0.2534
1908,17.6536,0.3158,0.2055,0.3356,0.2434
1910,17.6729,0.3158,0.1714,0.3356,0.2534
1912,17.6921,0.3158,0.1714,0.3356,0.2534
1914,17.7113,0.3288,0.1714,0.3356,0.2534
1916,17.7305,0.3288,0.2516,0.3356,0.2685
1918,17.7497,0.3288,0.2368,0.3356,0.2534
1920,17.769,0.3288,0.2368,0.3356,0.2534
1922,17.7882,0.3288,0.2368,0.3356,0.2534
1924,17.8074,0.3158,0.2368,0.3356,0.2534
1926,17.8266,0.3288,0.1714,0.3356,0.2534
1928,17.8458,0.3288,0.1714,0.3356,0.2534
1930,17.8651,0.3288,0.2368,0.3356,0.2534
1932,17.8843,0.3288,0.2368,0.3356,0.2534
1934,17.9035,0.3158,0.2466,0.3356,0.2534
1936,17.9227,0.3288,0.2368,0.3356,0.2534
1938,17.942,0.3288,0.2466,0.3356,0.2534
1940,17.9612,0.3288,0.2368,0.3356,0.2534
1942,17.9804,0.3158,0.2368,0.3356,0.2534
1944,17.9996,0.3288,0.2466,0.3356,0.2534
1946,18.0188,0.3158,0.2466,0.3356,0.2643
1948,18.0379,0.3288,0.2466,0.3356,0.2534
1950,18.0571,0.3288,0.2466,0.3356,0.2534
1952,18.0762,0.3288,0.2368,0.3500,0.2643
1954,18.0954,0.3423,0.2617,0.3490,0.2797
1956,18.1145,0.3288,0.2466,0.3356,0.2534
1958,18.1337,0.3288,0.2466,0.3356,0.2534
1960,18.1528,0.3288,0.2466,0.3500,0.2643
1962,18.172,0.3288,0.2466,0.3356,0.2643
1964,18.1911,0.3288,0.2466,0.3356,0.2643
1966,18.2103,0.3288,0.2466,0.3356,0.2643
1968,18.2294,0.3288,0.2466,0.3356,0.2643
1970,18.2486,0.3288,0.2466,0.3356,0.2643
1972,18.2677,0.3288,0.2466,0.3356,0.2643
1974,18.2868,0.3288,0.2466,0.3500,0.2643
1976,18.306,0.3288,0.2466,0.3767,0.2643
1978,18.3251,0.3288,0.2466,0.3500,0.2643
1980,18.3443,0.3288,0.2466,0.3500,0.2643
1982,18.3634,0.3288,0.2466,0.3500,0.2643
1984,18.3826,0.3158,0.2236,0.3500,0.2534
1986,18.4017,0.3288,0.2466,0.3500,0.2643
1988,18.4209,0.3288,0.1791,0.3500,0.2643
1990,18.44,0.3288,0.2466,0.3500,0.2643
1992,18.4592,0.3288,0.2466,0.3500,0.2945
1994,18.4783,0.3288,0.2466,0.3500,0.2643
1996,18.4975,0.3288,0.2466,0.4013,0.2643
1998,18.5166,0.3288,0.2466,0.4013,0.2643
2000,18.5358,0.3288,0.2466,0.3500,0.2643
2002,18.5549,0.3453,0.2466,0.3500,0.2643
2004,18.5741,0.3158,0.2368,0.3861,0.2829
2006,18.5932,0.3453,0.2466,0.4013,0.2643
2008,18.6124,0.3288,0.2466,0.4013,0.2643
2010,18.6315,0.3453,0.2466,0.4013,0.2829
2012,18.6507,0.3453,0.2466,0.4013,0.2945
2014,18.6698,0.3453,0.2466,0.4013,0.2945
2016,18.689,0.3288,0.2466,0.4013,0.2945
2018,18.7081,0.3288,0.2466,0.4013,0.2945
2020,18.7273,0.3288,0.2466,0.4013,0.2643
2022,18.7464,0.3288,0.2466,0.4013,0.2643
2024,18.7656,0.3288,0.2466,0.4013,0.2643
2026,18.7847,0.3288,0.2466,0.3500,0.3224
2028,18.8039,0.3288,0.2466,0.4013,0.3224
2030,18.823,0.3288,0.2466,0.4013,0.3224
2032,18.8422,0.3288,0.2466,0.4013,0.3224
2034,18.8613,0.3453,0.2617,0.4178,0.3224
2036,18.8805,0.3453,0.2466,0.4178,0.3224
2038,18.8996,0.3288,0.2466,0.4178,0.3224
2040,18.9188,0.3453,0.2466,0.4013,0.3224
2042,18.9379,0.3453,0.2466,0.4178,0.3224
2044,18.9571,0.3453,0.2466,0.4013,0.3224
2046,18.9762,0.3453,0.2466,0.4178,0.2945
2048,18.9954,0.3453,0.2466,0.4013,0.3224
2050,19.0146,0.3453,0.2466,0.4178,0.3224
2052,19.0338,0.3453,0.2466,0.4178,0.3356
2054,19.053,0.3453,0.2466,0.4178,0.3356
2056,19.0722,0.3453,0.2466,0.4178,0.3490
2058,19.0914,0.3453,0.2466,0.4178,0.3490
2060,19.1106,0.3453,0.2466,0.4178,0.3356
2062,19.1298,0.3453,0.2466,0.4178,0.3356
2064,19.149,0.4013,0.2466,0.4178,0.3356
2066,19.1683,0.4129,0.2466,0.4178,0.3356
2068,19.1875,0.4013,0.2466,0.4178,0.3356
2070,19.2067,0.4013,0.2466,0.4178,0.3356
2072,19.2259,0.4013,0.2466,0.4178,0.3356
2074,19.2451,0.3453,0.2466,0.4178,0.3224
2076,19.2643,0.3453,0.2466,0.3307,0.3356
2078,19.2835,0.3453,0.2466,0.4178,0.3071
2080,19.3027,0.3453,0.2571,0.4178,0.3071
2082,19.322,0.4013,0.2466,0.4178,0.3356
2084,19.3412,0.3453,0.2571,0.4178,0.3356
2086,19.3604,0.4013,0.2466,0.4178,0.3356
2088,19.3796,0.4178,0.2466,0.4178,0.3356
2090,19.3988,0.4178,0.2877,0.4178,0.3356
2092,19.418,0.3724,0.2571,0.4178,0.3356
2094,19.4372,0.3861,0.2571,0.4013,0.3356
2096,19.4564,0.4295,0.3020,0.4516,0.3356
2098,19.4756,0.4013,0.2571,0.4178,0.3356
2100,19.4949,0.4178,0.2571,0.4178,0.3356
2102,19.5141,0.3885,0.2571,0.4178,0.2362
2104,19.5333,0.4013,0.2571,0.4178,0.3356
2106,19.5525,0.4178,0.2571,0.4357,0.3356
2108,19.5717,0.3935,0.2710,0.4013,0.3224
2110,19.5909,0.4178,0.2571,0.4357,0.3356
2112,19.6101,0.4178,0.2571,0.4357,0.3356
2114,19.6293,0.4178,0.2571,0.4178,0.3224
2116,19.6486,0.4178,0.2571,0.4357,0.3356
2118,19.6678,0.4178,0.2571,0.4357,0.3356
2120,19.687,0.4178,0.2571,0.4178,0.3356
2122,19.7062,0.4178,0.2571,0.4357,0.3356
2124,19.7254,0.4178,0.2877,0.4357,0.3490
2126,19.7446,0.4178,0.2571,0.4476,0.3356
2128,19.7638,0.4178,0.2571,0.4357,0.3356
2130,19.783,0.4295,0.2877,0.4357,0.3356
2132,19.8023,0.3885,0.2571,0.4357,0.3356
2134,19.8215,0.3885,0.2571,0.4589,0.3356
2136,19.8407,0.4178,0.2877,0.4357,0.3356
2138,19.8599,0.4178,0.2877,0.4357,0.3356
2140,19.8791,0.4178,0.3158,0.4357,0.3356
2142,19.8983,0.4178,0.3158,0.4589,0.3224
2144,19.9175,0.4013,0.3158,0.4357,0.3356
2146,19.9367,0.4178,0.3158,0.4357,0.3356
2148,19.956,0.4178,0.3158,0.4589,0.3356
2150,19.9752,0.4178,0.3038,0.4357,0.3356
2152,19.9944,0.4178,0.3158,0.4589,0.3356
2154,20.0,0.4178,0.3158,0.4589,0.3356
2156,20.0,0.4178,0.3158,0.4589,0.3356
